{
  "generatedAt": "2026-06-06T19:15:02.717Z",
  "sources": [
    {
      "source": "codex",
      "sampleCount": 3666,
      "contextTokens": {
        "mean": 124152.18303327878,
        "p50": 116185,
        "p95": 244867,
        "p99": 375188,
        "max": 449599
      },
      "totalTokens": {
        "mean": 124811.80114566284,
        "p50": 117118,
        "p95": 245533,
        "p99": 375260,
        "max": 449839
      },
      "observedContextWindows": [
        258400
      ],
      "modelsSeen": []
    },
    {
      "source": "claude",
      "sampleCount": 62065,
      "contextTokens": {
        "mean": 265130.4578586965,
        "p50": 116114,
        "p95": 843004,
        "p99": 940506,
        "max": 991227
      },
      "totalTokens": {
        "mean": 266076.66681704664,
        "p50": 117158,
        "p95": 844537,
        "p99": 942816,
        "max": 992798
      },
      "observedContextWindows": [],
      "modelsSeen": [
        "claude-opus-4-6",
        "claude-opus-4-7",
        "claude-opus-4-8",
        "claude-sonnet-4-6"
      ]
    }
  ],
  "combined": {
    "mean": 257267.7088436202,
    "p50": 116114,
    "p95": 834577,
    "p99": 938812,
    "max": 991227,
    "sampleCount": 65731
  }
}