{
  "generatedAt": "2026-07-08T17:17:34.546Z",
  "sources": [
    {
      "source": "codex",
      "sampleCount": 8244,
      "contextTokens": {
        "mean": 220991.99405628335,
        "p50": 196000,
        "p95": 443918,
        "p99": 473179,
        "max": 486496
      },
      "totalTokens": {
        "mean": 221664.8292091218,
        "p50": 196816,
        "p95": 444488,
        "p99": 473702,
        "max": 487828
      },
      "observedContextWindows": [
        258400
      ],
      "modelsSeen": []
    },
    {
      "source": "claude",
      "sampleCount": 39218,
      "contextTokens": {
        "mean": 455964.68065684126,
        "p50": 440429,
        "p95": 905850,
        "p99": 959747,
        "max": 999129
      },
      "totalTokens": {
        "mean": 457338.2381814473,
        "p50": 441672,
        "p95": 907892,
        "p99": 961091,
        "max": 1006669
      },
      "observedContextWindows": [],
      "modelsSeen": [
        "claude-fable-5",
        "claude-opus-4-6",
        "claude-opus-4-7",
        "claude-opus-4-8",
        "claude-sonnet-4-6"
      ]
    }
  ],
  "combined": {
    "mean": 415150.6646369727,
    "p50": 370069,
    "p95": 892274,
    "p99": 957183,
    "max": 999129,
    "sampleCount": 47462
  }
}